﻿{"cameraMode":{"drawMode":0,"name":"Shaded","section":"Shading Mode"},"sceneLighting":true,"audioPlay":false,"sceneViewState":{"showFog":true,"showMaterialUpdate":false,"showSkybox":true,"showFlares":true,"showImageEffects":true,"showParticleSystems":true},"in2DMode":false,"pivot":{"x":2.828239917755127,"y":-0.7962788343429565,"z":-7.3955078125},"rotation":{"x":-0.11526218801736832,"y":0.7450366020202637,"z":-0.1335071474313736,"w":-0.6432813405990601},"size":3.8349454402923586,"orthographic":false}