﻿{"cameraMode":{"drawMode":0,"name":"Shaded","section":"Shading Mode"},"sceneLighting":true,"audioPlay":false,"sceneViewState":{"showFog":true,"showMaterialUpdate":false,"showSkybox":true,"showFlares":true,"showImageEffects":true,"showParticleSystems":true},"in2DMode":false,"pivot":{"x":-4.049680709838867,"y":-0.23648127913475038,"z":-13.147724151611329},"rotation":{"x":0.011249484494328499,"y":0.9876261353492737,"z":0.08433964103460312,"w":-0.13173796236515046},"size":14.922204971313477,"orthographic":false}